manufacturer,reports,deaths,caveat
pfizer/biontech,501334,9517,caveat:L1_factual_4W1H;passive_surveillance_reports_unverified;a_report_is_not_causation;reporting_rates_are_not_incidence_rates
moderna,479775,9218,caveat:L1_factual_4W1H;passive_surveillance_reports_unverified;a_report_is_not_causation;reporting_rates_are_not_incidence_rates
pfizer/wyeth,121562,3007,caveat:L1_factual_4W1H;passive_surveillance_reports_unverified;a_report_is_not_causation;reporting_rates_are_not_incidence_rates
merck & co. inc.,399134,2686,caveat:L1_factual_4W1H;passive_surveillance_reports_unverified;a_report_is_not_causation;reporting_rates_are_not_incidence_rates
janssen,76171,2180,caveat:L1_factual_4W1H;passive_surveillance_reports_unverified;a_report_is_not_causation;reporting_rates_are_not_incidence_rates
sanofi pasteur,207159,1856,caveat:L1_factual_4W1H;passive_surveillance_reports_unverified;a_report_is_not_causation;reporting_rates_are_not_incidence_rates
unknown manufacturer,110000,1603,caveat:L1_factual_4W1H;passive_surveillance_reports_unverified;a_report_is_not_causation;reporting_rates_are_not_incidence_rates
glaxosmithkline biologicals,209315,1471,caveat:L1_factual_4W1H;passive_surveillance_reports_unverified;a_report_is_not_causation;reporting_rates_are_not_incidence_rates
connaught laboratories,30851,663,caveat:L1_factual_4W1H;passive_surveillance_reports_unverified;a_report_is_not_causation;reporting_rates_are_not_incidence_rates
smithkline beecham,27173,475,caveat:L1_factual_4W1H;passive_surveillance_reports_unverified;a_report_is_not_causation;reporting_rates_are_not_incidence_rates
lederle laboratories,11658,371,caveat:L1_factual_4W1H;passive_surveillance_reports_unverified;a_report_is_not_causation;reporting_rates_are_not_incidence_rates
connaught ltd.,6287,277,caveat:L1_factual_4W1H;passive_surveillance_reports_unverified;a_report_is_not_causation;reporting_rates_are_not_incidence_rates
novartis vaccines and diagnostics,46965,138,caveat:L1_factual_4W1H;passive_surveillance_reports_unverified;a_report_is_not_causation;reporting_rates_are_not_incidence_rates
"seqirus, inc.",22047,117,caveat:L1_factual_4W1H;passive_surveillance_reports_unverified;a_report_is_not_causation;reporting_rates_are_not_incidence_rates
pasteur merieux inst.,2761,77,caveat:L1_factual_4W1H;passive_surveillance_reports_unverified;a_report_is_not_causation;reporting_rates_are_not_incidence_rates
"medimmune vaccines, inc.",12763,62,caveat:L1_factual_4W1H;passive_surveillance_reports_unverified;a_report_is_not_causation;reporting_rates_are_not_incidence_rates
emergent biosolutions,9702,54,caveat:L1_factual_4W1H;passive_surveillance_reports_unverified;a_report_is_not_causation;reporting_rates_are_not_incidence_rates
parke-davis,1412,48,caveat:L1_factual_4W1H;passive_surveillance_reports_unverified;a_report_is_not_causation;reporting_rates_are_not_incidence_rates
csl limited,9140,38,caveat:L1_factual_4W1H;passive_surveillance_reports_unverified;a_report_is_not_causation;reporting_rates_are_not_incidence_rates
"medeva pharma, ltd.",918,29,caveat:L1_factual_4W1H;passive_surveillance_reports_unverified;a_report_is_not_causation;reporting_rates_are_not_incidence_rates
evans vaccines,2191,27,caveat:L1_factual_4W1H;passive_surveillance_reports_unverified;a_report_is_not_causation;reporting_rates_are_not_incidence_rates
msp vaccine company,2138,27,caveat:L1_factual_4W1H;passive_surveillance_reports_unverified;a_report_is_not_causation;reporting_rates_are_not_incidence_rates
michigan dept pub hlth,3288,26,caveat:L1_factual_4W1H;passive_surveillance_reports_unverified;a_report_is_not_causation;reporting_rates_are_not_incidence_rates
mass. pub hlth biol lab,1974,24,caveat:L1_factual_4W1H;passive_surveillance_reports_unverified;a_report_is_not_causation;reporting_rates_are_not_incidence_rates
aventis pasteur,2323,17,caveat:L1_factual_4W1H;passive_surveillance_reports_unverified;a_report_is_not_causation;reporting_rates_are_not_incidence_rates
protein sciences corporation,3643,10,caveat:L1_factual_4W1H;passive_surveillance_reports_unverified;a_report_is_not_causation;reporting_rates_are_not_incidence_rates
novavax,848,7,caveat:L1_factual_4W1H;passive_surveillance_reports_unverified;a_report_is_not_causation;reporting_rates_are_not_incidence_rates
bavarian nordic,2234,5,caveat:L1_factual_4W1H;passive_surveillance_reports_unverified;a_report_is_not_causation;reporting_rates_are_not_incidence_rates
"berna biotech, ltd.",3121,4,caveat:L1_factual_4W1H;passive_surveillance_reports_unverified;a_report_is_not_causation;reporting_rates_are_not_incidence_rates
parkdale pharmaceuticals,534,4,caveat:L1_factual_4W1H;passive_surveillance_reports_unverified;a_report_is_not_causation;reporting_rates_are_not_incidence_rates
north american vaccines,63,4,caveat:L1_factual_4W1H;passive_surveillance_reports_unverified;a_report_is_not_causation;reporting_rates_are_not_incidence_rates
teva pharmaceuticals,275,4,caveat:L1_factual_4W1H;passive_surveillance_reports_unverified;a_report_is_not_causation;reporting_rates_are_not_incidence_rates
dynavax technologies corporation,2463,3,caveat:L1_factual_4W1H;passive_surveillance_reports_unverified;a_report_is_not_causation;reporting_rates_are_not_incidence_rates
miles laboratories,14,2,caveat:L1_factual_4W1H;passive_surveillance_reports_unverified;a_report_is_not_causation;reporting_rates_are_not_incidence_rates
sclavo,247,1,caveat:L1_factual_4W1H;passive_surveillance_reports_unverified;a_report_is_not_causation;reporting_rates_are_not_incidence_rates
"greer laboratories, inc.",11,1,caveat:L1_factual_4W1H;passive_surveillance_reports_unverified;a_report_is_not_causation;reporting_rates_are_not_incidence_rates
intercell ag,536,1,caveat:L1_factual_4W1H;passive_surveillance_reports_unverified;a_report_is_not_causation;reporting_rates_are_not_incidence_rates
paxvax,128,1,caveat:L1_factual_4W1H;passive_surveillance_reports_unverified;a_report_is_not_causation;reporting_rates_are_not_incidence_rates
lederle praxsis,13,0,caveat:L1_factual_4W1H;passive_surveillance_reports_unverified;a_report_is_not_causation;reporting_rates_are_not_incidence_rates
organon-teknika,68,0,caveat:L1_factual_4W1H;passive_surveillance_reports_unverified;a_report_is_not_causation;reporting_rates_are_not_incidence_rates
pasteur merieux connaught,110,0,caveat:L1_factual_4W1H;passive_surveillance_reports_unverified;a_report_is_not_causation;reporting_rates_are_not_incidence_rates
burroughs wellcome,3,0,caveat:L1_factual_4W1H;passive_surveillance_reports_unverified;a_report_is_not_causation;reporting_rates_are_not_incidence_rates
baxter healthcare corp.,43,0,caveat:L1_factual_4W1H;passive_surveillance_reports_unverified;a_report_is_not_causation;reporting_rates_are_not_incidence_rates
bsi,70,0,caveat:L1_factual_4W1H;passive_surveillance_reports_unverified;a_report_is_not_causation;reporting_rates_are_not_incidence_rates
"berna biotech, ltd",10,0,caveat:L1_factual_4W1H;passive_surveillance_reports_unverified;a_report_is_not_causation;reporting_rates_are_not_incidence_rates
vbi vaccines,15,0,caveat:L1_factual_4W1H;passive_surveillance_reports_unverified;a_report_is_not_causation;reporting_rates_are_not_incidence_rates
"valneva usa, inc.",76,0,caveat:L1_factual_4W1H;passive_surveillance_reports_unverified;a_report_is_not_causation;reporting_rates_are_not_incidence_rates
