lot,reports,caveat
039K20A,5915,caveat:L1_factual_4W1H;passive_surveillance_reports_unverified;a_report_is_not_causation;reporting_rates_are_not_incidence_rates
013L20A,5272,caveat:L1_factual_4W1H;passive_surveillance_reports_unverified;a_report_is_not_causation;reporting_rates_are_not_incidence_rates
026L20A,4966,caveat:L1_factual_4W1H;passive_surveillance_reports_unverified;a_report_is_not_causation;reporting_rates_are_not_incidence_rates
011J20A,4474,caveat:L1_factual_4W1H;passive_surveillance_reports_unverified;a_report_is_not_causation;reporting_rates_are_not_incidence_rates
EK9231,4210,caveat:L1_factual_4W1H;passive_surveillance_reports_unverified;a_report_is_not_causation;reporting_rates_are_not_incidence_rates
EK5730,4148,caveat:L1_factual_4W1H;passive_surveillance_reports_unverified;a_report_is_not_causation;reporting_rates_are_not_incidence_rates
ER2613,4037,caveat:L1_factual_4W1H;passive_surveillance_reports_unverified;a_report_is_not_causation;reporting_rates_are_not_incidence_rates
EH9899,3950,caveat:L1_factual_4W1H;passive_surveillance_reports_unverified;a_report_is_not_causation;reporting_rates_are_not_incidence_rates
012L20A,3812,caveat:L1_factual_4W1H;passive_surveillance_reports_unverified;a_report_is_not_causation;reporting_rates_are_not_incidence_rates
EN6201,3789,caveat:L1_factual_4W1H;passive_surveillance_reports_unverified;a_report_is_not_causation;reporting_rates_are_not_incidence_rates
029L20A,3656,caveat:L1_factual_4W1H;passive_surveillance_reports_unverified;a_report_is_not_causation;reporting_rates_are_not_incidence_rates
004M20A,3530,caveat:L1_factual_4W1H;passive_surveillance_reports_unverified;a_report_is_not_causation;reporting_rates_are_not_incidence_rates
EN5318,3463,caveat:L1_factual_4W1H;passive_surveillance_reports_unverified;a_report_is_not_causation;reporting_rates_are_not_incidence_rates
EN6205,3427,caveat:L1_factual_4W1H;passive_surveillance_reports_unverified;a_report_is_not_causation;reporting_rates_are_not_incidence_rates
025L20A,3425,caveat:L1_factual_4W1H;passive_surveillance_reports_unverified;a_report_is_not_causation;reporting_rates_are_not_incidence_rates
EN6207,3405,caveat:L1_factual_4W1H;passive_surveillance_reports_unverified;a_report_is_not_causation;reporting_rates_are_not_incidence_rates
ER8732,3363,caveat:L1_factual_4W1H;passive_surveillance_reports_unverified;a_report_is_not_causation;reporting_rates_are_not_incidence_rates
EN6200,3250,caveat:L1_factual_4W1H;passive_surveillance_reports_unverified;a_report_is_not_causation;reporting_rates_are_not_incidence_rates
EN6202,3222,caveat:L1_factual_4W1H;passive_surveillance_reports_unverified;a_report_is_not_causation;reporting_rates_are_not_incidence_rates
ER8733,3201,caveat:L1_factual_4W1H;passive_surveillance_reports_unverified;a_report_is_not_causation;reporting_rates_are_not_incidence_rates
EN6208,3184,caveat:L1_factual_4W1H;passive_surveillance_reports_unverified;a_report_is_not_causation;reporting_rates_are_not_incidence_rates
EL3247,3183,caveat:L1_factual_4W1H;passive_surveillance_reports_unverified;a_report_is_not_causation;reporting_rates_are_not_incidence_rates
031L20A,3172,caveat:L1_factual_4W1H;passive_surveillance_reports_unverified;a_report_is_not_causation;reporting_rates_are_not_incidence_rates
041L20A,3153,caveat:L1_factual_4W1H;passive_surveillance_reports_unverified;a_report_is_not_causation;reporting_rates_are_not_incidence_rates
EN6198,3126,caveat:L1_factual_4W1H;passive_surveillance_reports_unverified;a_report_is_not_causation;reporting_rates_are_not_incidence_rates
027L20A,3106,caveat:L1_factual_4W1H;passive_surveillance_reports_unverified;a_report_is_not_causation;reporting_rates_are_not_incidence_rates
EW0150,3056,caveat:L1_factual_4W1H;passive_surveillance_reports_unverified;a_report_is_not_causation;reporting_rates_are_not_incidence_rates
007M20A,3040,caveat:L1_factual_4W1H;passive_surveillance_reports_unverified;a_report_is_not_causation;reporting_rates_are_not_incidence_rates
011L20A,3009,caveat:L1_factual_4W1H;passive_surveillance_reports_unverified;a_report_is_not_causation;reporting_rates_are_not_incidence_rates
030L20A,2996,caveat:L1_factual_4W1H;passive_surveillance_reports_unverified;a_report_is_not_causation;reporting_rates_are_not_incidence_rates
FK5127,2988,caveat:L1_factual_4W1H;passive_surveillance_reports_unverified;a_report_is_not_causation;reporting_rates_are_not_incidence_rates
EP6955,2987,caveat:L1_factual_4W1H;passive_surveillance_reports_unverified;a_report_is_not_causation;reporting_rates_are_not_incidence_rates
EJ1685,2884,caveat:L1_factual_4W1H;passive_surveillance_reports_unverified;a_report_is_not_causation;reporting_rates_are_not_incidence_rates
EL1284,2881,caveat:L1_factual_4W1H;passive_surveillance_reports_unverified;a_report_is_not_causation;reporting_rates_are_not_incidence_rates
043A21A,2873,caveat:L1_factual_4W1H;passive_surveillance_reports_unverified;a_report_is_not_causation;reporting_rates_are_not_incidence_rates
028L20A,2865,caveat:L1_factual_4W1H;passive_surveillance_reports_unverified;a_report_is_not_causation;reporting_rates_are_not_incidence_rates
013M20A,2859,caveat:L1_factual_4W1H;passive_surveillance_reports_unverified;a_report_is_not_causation;reporting_rates_are_not_incidence_rates
EL1283,2858,caveat:L1_factual_4W1H;passive_surveillance_reports_unverified;a_report_is_not_causation;reporting_rates_are_not_incidence_rates
ER8727,2854,caveat:L1_factual_4W1H;passive_surveillance_reports_unverified;a_report_is_not_causation;reporting_rates_are_not_incidence_rates
037K20A,2831,caveat:L1_factual_4W1H;passive_surveillance_reports_unverified;a_report_is_not_causation;reporting_rates_are_not_incidence_rates
EN6206,2809,caveat:L1_factual_4W1H;passive_surveillance_reports_unverified;a_report_is_not_causation;reporting_rates_are_not_incidence_rates
EN6203,2749,caveat:L1_factual_4W1H;passive_surveillance_reports_unverified;a_report_is_not_causation;reporting_rates_are_not_incidence_rates
EN6199,2747,caveat:L1_factual_4W1H;passive_surveillance_reports_unverified;a_report_is_not_causation;reporting_rates_are_not_incidence_rates
EN6204,2734,caveat:L1_factual_4W1H;passive_surveillance_reports_unverified;a_report_is_not_causation;reporting_rates_are_not_incidence_rates
ER8729,2725,caveat:L1_factual_4W1H;passive_surveillance_reports_unverified;a_report_is_not_causation;reporting_rates_are_not_incidence_rates
042A21A,2698,caveat:L1_factual_4W1H;passive_surveillance_reports_unverified;a_report_is_not_causation;reporting_rates_are_not_incidence_rates
012M20A,2655,caveat:L1_factual_4W1H;passive_surveillance_reports_unverified;a_report_is_not_causation;reporting_rates_are_not_incidence_rates
EL3249,2646,caveat:L1_factual_4W1H;passive_surveillance_reports_unverified;a_report_is_not_causation;reporting_rates_are_not_incidence_rates
EW0172,2566,caveat:L1_factual_4W1H;passive_surveillance_reports_unverified;a_report_is_not_causation;reporting_rates_are_not_incidence_rates
EP7534,2555,caveat:L1_factual_4W1H;passive_surveillance_reports_unverified;a_report_is_not_causation;reporting_rates_are_not_incidence_rates
EL9261,2554,caveat:L1_factual_4W1H;passive_surveillance_reports_unverified;a_report_is_not_causation;reporting_rates_are_not_incidence_rates
ER8737,2525,caveat:L1_factual_4W1H;passive_surveillance_reports_unverified;a_report_is_not_causation;reporting_rates_are_not_incidence_rates
EL3246,2504,caveat:L1_factual_4W1H;passive_surveillance_reports_unverified;a_report_is_not_causation;reporting_rates_are_not_incidence_rates
042L20A,2502,caveat:L1_factual_4W1H;passive_surveillance_reports_unverified;a_report_is_not_causation;reporting_rates_are_not_incidence_rates
EL3248,2466,caveat:L1_factual_4W1H;passive_surveillance_reports_unverified;a_report_is_not_causation;reporting_rates_are_not_incidence_rates
EW0151,2460,caveat:L1_factual_4W1H;passive_surveillance_reports_unverified;a_report_is_not_causation;reporting_rates_are_not_incidence_rates
ER8730,2428,caveat:L1_factual_4W1H;passive_surveillance_reports_unverified;a_report_is_not_causation;reporting_rates_are_not_incidence_rates
010M20A,2425,caveat:L1_factual_4W1H;passive_surveillance_reports_unverified;a_report_is_not_causation;reporting_rates_are_not_incidence_rates
EL9262,2415,caveat:L1_factual_4W1H;passive_surveillance_reports_unverified;a_report_is_not_causation;reporting_rates_are_not_incidence_rates
ER8734,2414,caveat:L1_factual_4W1H;passive_surveillance_reports_unverified;a_report_is_not_causation;reporting_rates_are_not_incidence_rates
EL8982,2380,caveat:L1_factual_4W1H;passive_surveillance_reports_unverified;a_report_is_not_causation;reporting_rates_are_not_incidence_rates
EP7533,2359,caveat:L1_factual_4W1H;passive_surveillance_reports_unverified;a_report_is_not_causation;reporting_rates_are_not_incidence_rates
FK5618,2266,caveat:L1_factual_4W1H;passive_surveillance_reports_unverified;a_report_is_not_causation;reporting_rates_are_not_incidence_rates
EW0162,2259,caveat:L1_factual_4W1H;passive_surveillance_reports_unverified;a_report_is_not_causation;reporting_rates_are_not_incidence_rates
EW0153,2235,caveat:L1_factual_4W1H;passive_surveillance_reports_unverified;a_report_is_not_causation;reporting_rates_are_not_incidence_rates
EW0179,2229,caveat:L1_factual_4W1H;passive_surveillance_reports_unverified;a_report_is_not_causation;reporting_rates_are_not_incidence_rates
EW0158,2227,caveat:L1_factual_4W1H;passive_surveillance_reports_unverified;a_report_is_not_causation;reporting_rates_are_not_incidence_rates
EW0173,2204,caveat:L1_factual_4W1H;passive_surveillance_reports_unverified;a_report_is_not_causation;reporting_rates_are_not_incidence_rates
ER8735,2190,caveat:L1_factual_4W1H;passive_surveillance_reports_unverified;a_report_is_not_causation;reporting_rates_are_not_incidence_rates
EW0164,2183,caveat:L1_factual_4W1H;passive_surveillance_reports_unverified;a_report_is_not_causation;reporting_rates_are_not_incidence_rates
014M20A,2172,caveat:L1_factual_4W1H;passive_surveillance_reports_unverified;a_report_is_not_causation;reporting_rates_are_not_incidence_rates
025J20-2A,2167,caveat:L1_factual_4W1H;passive_surveillance_reports_unverified;a_report_is_not_causation;reporting_rates_are_not_incidence_rates
024M20A,2161,caveat:L1_factual_4W1H;passive_surveillance_reports_unverified;a_report_is_not_causation;reporting_rates_are_not_incidence_rates
032L20A,2124,caveat:L1_factual_4W1H;passive_surveillance_reports_unverified;a_report_is_not_causation;reporting_rates_are_not_incidence_rates
016M20A,2110,caveat:L1_factual_4W1H;passive_surveillance_reports_unverified;a_report_is_not_causation;reporting_rates_are_not_incidence_rates
030M20A,2098,caveat:L1_factual_4W1H;passive_surveillance_reports_unverified;a_report_is_not_causation;reporting_rates_are_not_incidence_rates
EL0142,2095,caveat:L1_factual_4W1H;passive_surveillance_reports_unverified;a_report_is_not_causation;reporting_rates_are_not_incidence_rates
EW0169,2084,caveat:L1_factual_4W1H;passive_surveillance_reports_unverified;a_report_is_not_causation;reporting_rates_are_not_incidence_rates
010A21A,2064,caveat:L1_factual_4W1H;passive_surveillance_reports_unverified;a_report_is_not_causation;reporting_rates_are_not_incidence_rates
ER8731,2064,caveat:L1_factual_4W1H;passive_surveillance_reports_unverified;a_report_is_not_causation;reporting_rates_are_not_incidence_rates
1805018,2053,caveat:L1_factual_4W1H;passive_surveillance_reports_unverified;a_report_is_not_causation;reporting_rates_are_not_incidence_rates
GH9693,2053,caveat:L1_factual_4W1H;passive_surveillance_reports_unverified;a_report_is_not_causation;reporting_rates_are_not_incidence_rates
202A21A,2050,caveat:L1_factual_4W1H;passive_surveillance_reports_unverified;a_report_is_not_causation;reporting_rates_are_not_incidence_rates
201A21A,2021,caveat:L1_factual_4W1H;passive_surveillance_reports_unverified;a_report_is_not_causation;reporting_rates_are_not_incidence_rates
031M20A,2017,caveat:L1_factual_4W1H;passive_surveillance_reports_unverified;a_report_is_not_causation;reporting_rates_are_not_incidence_rates
EW0171,2012,caveat:L1_factual_4W1H;passive_surveillance_reports_unverified;a_report_is_not_causation;reporting_rates_are_not_incidence_rates
011A21A,2011,caveat:L1_factual_4W1H;passive_surveillance_reports_unverified;a_report_is_not_causation;reporting_rates_are_not_incidence_rates
EJ1686,2009,caveat:L1_factual_4W1H;passive_surveillance_reports_unverified;a_report_is_not_causation;reporting_rates_are_not_incidence_rates
044A21A,2007,caveat:L1_factual_4W1H;passive_surveillance_reports_unverified;a_report_is_not_causation;reporting_rates_are_not_incidence_rates
EL0140,2000,caveat:L1_factual_4W1H;passive_surveillance_reports_unverified;a_report_is_not_causation;reporting_rates_are_not_incidence_rates
022M20A,1976,caveat:L1_factual_4W1H;passive_surveillance_reports_unverified;a_report_is_not_causation;reporting_rates_are_not_incidence_rates
ER8736,1971,caveat:L1_factual_4W1H;passive_surveillance_reports_unverified;a_report_is_not_causation;reporting_rates_are_not_incidence_rates
015M20A,1968,caveat:L1_factual_4W1H;passive_surveillance_reports_unverified;a_report_is_not_causation;reporting_rates_are_not_incidence_rates
030A21A,1952,caveat:L1_factual_4W1H;passive_surveillance_reports_unverified;a_report_is_not_causation;reporting_rates_are_not_incidence_rates
EL9269,1933,caveat:L1_factual_4W1H;passive_surveillance_reports_unverified;a_report_is_not_causation;reporting_rates_are_not_incidence_rates
026A21A,1919,caveat:L1_factual_4W1H;passive_surveillance_reports_unverified;a_report_is_not_causation;reporting_rates_are_not_incidence_rates
EL9264,1915,caveat:L1_factual_4W1H;passive_surveillance_reports_unverified;a_report_is_not_causation;reporting_rates_are_not_incidence_rates
023M20A,1910,caveat:L1_factual_4W1H;passive_surveillance_reports_unverified;a_report_is_not_causation;reporting_rates_are_not_incidence_rates
1805022,1910,caveat:L1_factual_4W1H;passive_surveillance_reports_unverified;a_report_is_not_causation;reporting_rates_are_not_incidence_rates
027A21A,1907,caveat:L1_factual_4W1H;passive_surveillance_reports_unverified;a_report_is_not_causation;reporting_rates_are_not_incidence_rates
EW0167,1907,caveat:L1_factual_4W1H;passive_surveillance_reports_unverified;a_report_is_not_causation;reporting_rates_are_not_incidence_rates
EW0161,1904,caveat:L1_factual_4W1H;passive_surveillance_reports_unverified;a_report_is_not_causation;reporting_rates_are_not_incidence_rates
018B21A,1902,caveat:L1_factual_4W1H;passive_surveillance_reports_unverified;a_report_is_not_causation;reporting_rates_are_not_incidence_rates
011M20A,1885,caveat:L1_factual_4W1H;passive_surveillance_reports_unverified;a_report_is_not_causation;reporting_rates_are_not_incidence_rates
040A21A,1842,caveat:L1_factual_4W1H;passive_surveillance_reports_unverified;a_report_is_not_causation;reporting_rates_are_not_incidence_rates
EL3302,1841,caveat:L1_factual_4W1H;passive_surveillance_reports_unverified;a_report_is_not_causation;reporting_rates_are_not_incidence_rates
036A21A,1825,caveat:L1_factual_4W1H;passive_surveillance_reports_unverified;a_report_is_not_causation;reporting_rates_are_not_incidence_rates
FF8841,1807,caveat:L1_factual_4W1H;passive_surveillance_reports_unverified;a_report_is_not_causation;reporting_rates_are_not_incidence_rates
1805029,1802,caveat:L1_factual_4W1H;passive_surveillance_reports_unverified;a_report_is_not_causation;reporting_rates_are_not_incidence_rates
GH9694,1802,caveat:L1_factual_4W1H;passive_surveillance_reports_unverified;a_report_is_not_causation;reporting_rates_are_not_incidence_rates
EW0217,1796,caveat:L1_factual_4W1H;passive_surveillance_reports_unverified;a_report_is_not_causation;reporting_rates_are_not_incidence_rates
025J20A,1790,caveat:L1_factual_4W1H;passive_surveillance_reports_unverified;a_report_is_not_causation;reporting_rates_are_not_incidence_rates
031A21A,1782,caveat:L1_factual_4W1H;passive_surveillance_reports_unverified;a_report_is_not_causation;reporting_rates_are_not_incidence_rates
EW0170,1769,caveat:L1_factual_4W1H;passive_surveillance_reports_unverified;a_report_is_not_causation;reporting_rates_are_not_incidence_rates
EW0185,1745,caveat:L1_factual_4W1H;passive_surveillance_reports_unverified;a_report_is_not_causation;reporting_rates_are_not_incidence_rates
203A21A,1729,caveat:L1_factual_4W1H;passive_surveillance_reports_unverified;a_report_is_not_causation;reporting_rates_are_not_incidence_rates
EL9265,1726,caveat:L1_factual_4W1H;passive_surveillance_reports_unverified;a_report_is_not_causation;reporting_rates_are_not_incidence_rates
205A21A,1720,caveat:L1_factual_4W1H;passive_surveillance_reports_unverified;a_report_is_not_causation;reporting_rates_are_not_incidence_rates
EM9810,1717,caveat:L1_factual_4W1H;passive_surveillance_reports_unverified;a_report_is_not_causation;reporting_rates_are_not_incidence_rates
GH9702,1707,caveat:L1_factual_4W1H;passive_surveillance_reports_unverified;a_report_is_not_causation;reporting_rates_are_not_incidence_rates
013A21A,1691,caveat:L1_factual_4W1H;passive_surveillance_reports_unverified;a_report_is_not_causation;reporting_rates_are_not_incidence_rates
FC3184,1685,caveat:L1_factual_4W1H;passive_surveillance_reports_unverified;a_report_is_not_causation;reporting_rates_are_not_incidence_rates
007B21A,1684,caveat:L1_factual_4W1H;passive_surveillance_reports_unverified;a_report_is_not_causation;reporting_rates_are_not_incidence_rates
206A21A,1683,caveat:L1_factual_4W1H;passive_surveillance_reports_unverified;a_report_is_not_causation;reporting_rates_are_not_incidence_rates
EW0186,1678,caveat:L1_factual_4W1H;passive_surveillance_reports_unverified;a_report_is_not_causation;reporting_rates_are_not_incidence_rates
EW0183,1672,caveat:L1_factual_4W1H;passive_surveillance_reports_unverified;a_report_is_not_causation;reporting_rates_are_not_incidence_rates
046A21A,1665,caveat:L1_factual_4W1H;passive_surveillance_reports_unverified;a_report_is_not_causation;reporting_rates_are_not_incidence_rates
EW0175,1654,caveat:L1_factual_4W1H;passive_surveillance_reports_unverified;a_report_is_not_causation;reporting_rates_are_not_incidence_rates
EW0187,1636,caveat:L1_factual_4W1H;passive_surveillance_reports_unverified;a_report_is_not_causation;reporting_rates_are_not_incidence_rates
EL9267,1625,caveat:L1_factual_4W1H;passive_surveillance_reports_unverified;a_report_is_not_causation;reporting_rates_are_not_incidence_rates
035C21A,1625,caveat:L1_factual_4W1H;passive_surveillance_reports_unverified;a_report_is_not_causation;reporting_rates_are_not_incidence_rates
FL0007,1623,caveat:L1_factual_4W1H;passive_surveillance_reports_unverified;a_report_is_not_causation;reporting_rates_are_not_incidence_rates
EW0191,1620,caveat:L1_factual_4W1H;passive_surveillance_reports_unverified;a_report_is_not_causation;reporting_rates_are_not_incidence_rates
012A21A,1607,caveat:L1_factual_4W1H;passive_surveillance_reports_unverified;a_report_is_not_causation;reporting_rates_are_not_incidence_rates
002A21A,1596,caveat:L1_factual_4W1H;passive_surveillance_reports_unverified;a_report_is_not_causation;reporting_rates_are_not_incidence_rates
FC3183,1591,caveat:L1_factual_4W1H;passive_surveillance_reports_unverified;a_report_is_not_causation;reporting_rates_are_not_incidence_rates
EL9266,1567,caveat:L1_factual_4W1H;passive_surveillance_reports_unverified;a_report_is_not_causation;reporting_rates_are_not_incidence_rates
006C21A,1567,caveat:L1_factual_4W1H;passive_surveillance_reports_unverified;a_report_is_not_causation;reporting_rates_are_not_incidence_rates
EW0176,1564,caveat:L1_factual_4W1H;passive_surveillance_reports_unverified;a_report_is_not_causation;reporting_rates_are_not_incidence_rates
006B21A,1563,caveat:L1_factual_4W1H;passive_surveillance_reports_unverified;a_report_is_not_causation;reporting_rates_are_not_incidence_rates
038A21A,1559,caveat:L1_factual_4W1H;passive_surveillance_reports_unverified;a_report_is_not_causation;reporting_rates_are_not_incidence_rates
1805031,1556,caveat:L1_factual_4W1H;passive_surveillance_reports_unverified;a_report_is_not_causation;reporting_rates_are_not_incidence_rates
026B21A,1554,caveat:L1_factual_4W1H;passive_surveillance_reports_unverified;a_report_is_not_causation;reporting_rates_are_not_incidence_rates
FE3590,1553,caveat:L1_factual_4W1H;passive_surveillance_reports_unverified;a_report_is_not_causation;reporting_rates_are_not_incidence_rates
025A21A,1546,caveat:L1_factual_4W1H;passive_surveillance_reports_unverified;a_report_is_not_causation;reporting_rates_are_not_incidence_rates
EK4176,1542,caveat:L1_factual_4W1H;passive_surveillance_reports_unverified;a_report_is_not_causation;reporting_rates_are_not_incidence_rates
1808609,1530,caveat:L1_factual_4W1H;passive_surveillance_reports_unverified;a_report_is_not_causation;reporting_rates_are_not_incidence_rates
017B21A,1528,caveat:L1_factual_4W1H;passive_surveillance_reports_unverified;a_report_is_not_causation;reporting_rates_are_not_incidence_rates
031B21A,1516,caveat:L1_factual_4W1H;passive_surveillance_reports_unverified;a_report_is_not_causation;reporting_rates_are_not_incidence_rates
FH8020,1512,caveat:L1_factual_4W1H;passive_surveillance_reports_unverified;a_report_is_not_causation;reporting_rates_are_not_incidence_rates
FD0809,1507,caveat:L1_factual_4W1H;passive_surveillance_reports_unverified;a_report_is_not_causation;reporting_rates_are_not_incidence_rates
001A21A,1502,caveat:L1_factual_4W1H;passive_surveillance_reports_unverified;a_report_is_not_causation;reporting_rates_are_not_incidence_rates
GJ2524,1497,caveat:L1_factual_4W1H;passive_surveillance_reports_unverified;a_report_is_not_causation;reporting_rates_are_not_incidence_rates
1808978,1493,caveat:L1_factual_4W1H;passive_surveillance_reports_unverified;a_report_is_not_causation;reporting_rates_are_not_incidence_rates
EW0196,1484,caveat:L1_factual_4W1H;passive_surveillance_reports_unverified;a_report_is_not_causation;reporting_rates_are_not_incidence_rates
EW0177,1484,caveat:L1_factual_4W1H;passive_surveillance_reports_unverified;a_report_is_not_causation;reporting_rates_are_not_incidence_rates
EW0182,1474,caveat:L1_factual_4W1H;passive_surveillance_reports_unverified;a_report_is_not_causation;reporting_rates_are_not_incidence_rates
EM9809,1473,caveat:L1_factual_4W1H;passive_surveillance_reports_unverified;a_report_is_not_causation;reporting_rates_are_not_incidence_rates
076C21A,1471,caveat:L1_factual_4W1H;passive_surveillance_reports_unverified;a_report_is_not_causation;reporting_rates_are_not_incidence_rates
003B21A,1468,caveat:L1_factual_4W1H;passive_surveillance_reports_unverified;a_report_is_not_causation;reporting_rates_are_not_incidence_rates
016B21A,1467,caveat:L1_factual_4W1H;passive_surveillance_reports_unverified;a_report_is_not_causation;reporting_rates_are_not_incidence_rates
FF2587,1465,caveat:L1_factual_4W1H;passive_surveillance_reports_unverified;a_report_is_not_causation;reporting_rates_are_not_incidence_rates
FE3592,1457,caveat:L1_factual_4W1H;passive_surveillance_reports_unverified;a_report_is_not_causation;reporting_rates_are_not_incidence_rates
VV04003A,1446,caveat:L1_factual_4W1H;passive_surveillance_reports_unverified;a_report_is_not_causation;reporting_rates_are_not_incidence_rates
EW0180,1445,caveat:L1_factual_4W1H;passive_surveillance_reports_unverified;a_report_is_not_causation;reporting_rates_are_not_incidence_rates
FF2590,1445,caveat:L1_factual_4W1H;passive_surveillance_reports_unverified;a_report_is_not_causation;reporting_rates_are_not_incidence_rates
FA6780,1444,caveat:L1_factual_4W1H;passive_surveillance_reports_unverified;a_report_is_not_causation;reporting_rates_are_not_incidence_rates
EW0168,1434,caveat:L1_factual_4W1H;passive_surveillance_reports_unverified;a_report_is_not_causation;reporting_rates_are_not_incidence_rates
040B21A,1433,caveat:L1_factual_4W1H;passive_surveillance_reports_unverified;a_report_is_not_causation;reporting_rates_are_not_incidence_rates
047A21A,1426,caveat:L1_factual_4W1H;passive_surveillance_reports_unverified;a_report_is_not_causation;reporting_rates_are_not_incidence_rates
FF2589,1425,caveat:L1_factual_4W1H;passive_surveillance_reports_unverified;a_report_is_not_causation;reporting_rates_are_not_incidence_rates
003A21A,1420,caveat:L1_factual_4W1H;passive_surveillance_reports_unverified;a_report_is_not_causation;reporting_rates_are_not_incidence_rates
FK9894,1412,caveat:L1_factual_4W1H;passive_surveillance_reports_unverified;a_report_is_not_causation;reporting_rates_are_not_incidence_rates
1805020,1411,caveat:L1_factual_4W1H;passive_surveillance_reports_unverified;a_report_is_not_causation;reporting_rates_are_not_incidence_rates
041A21A,1411,caveat:L1_factual_4W1H;passive_surveillance_reports_unverified;a_report_is_not_causation;reporting_rates_are_not_incidence_rates
FC3180,1408,caveat:L1_factual_4W1H;passive_surveillance_reports_unverified;a_report_is_not_causation;reporting_rates_are_not_incidence_rates
001B21A,1407,caveat:L1_factual_4W1H;passive_surveillance_reports_unverified;a_report_is_not_causation;reporting_rates_are_not_incidence_rates
FC3181,1405,caveat:L1_factual_4W1H;passive_surveillance_reports_unverified;a_report_is_not_causation;reporting_rates_are_not_incidence_rates
EW0181,1387,caveat:L1_factual_4W1H;passive_surveillance_reports_unverified;a_report_is_not_causation;reporting_rates_are_not_incidence_rates
EW0178,1374,caveat:L1_factual_4W1H;passive_surveillance_reports_unverified;a_report_is_not_causation;reporting_rates_are_not_incidence_rates
FF2593,1371,caveat:L1_factual_4W1H;passive_surveillance_reports_unverified;a_report_is_not_causation;reporting_rates_are_not_incidence_rates
019B21A,1368,caveat:L1_factual_4W1H;passive_surveillance_reports_unverified;a_report_is_not_causation;reporting_rates_are_not_incidence_rates
029A21A,1367,caveat:L1_factual_4W1H;passive_surveillance_reports_unverified;a_report_is_not_causation;reporting_rates_are_not_incidence_rates
1808980,1362,caveat:L1_factual_4W1H;passive_surveillance_reports_unverified;a_report_is_not_causation;reporting_rates_are_not_incidence_rates
FF8839,1362,caveat:L1_factual_4W1H;passive_surveillance_reports_unverified;a_report_is_not_causation;reporting_rates_are_not_incidence_rates
FJ6369,1358,caveat:L1_factual_4W1H;passive_surveillance_reports_unverified;a_report_is_not_causation;reporting_rates_are_not_incidence_rates
207A21A,1357,caveat:L1_factual_4W1H;passive_surveillance_reports_unverified;a_report_is_not_causation;reporting_rates_are_not_incidence_rates
025B21A,1355,caveat:L1_factual_4W1H;passive_surveillance_reports_unverified;a_report_is_not_causation;reporting_rates_are_not_incidence_rates
FA7485,1346,caveat:L1_factual_4W1H;passive_surveillance_reports_unverified;a_report_is_not_causation;reporting_rates_are_not_incidence_rates
045A21A,1344,caveat:L1_factual_4W1H;passive_surveillance_reports_unverified;a_report_is_not_causation;reporting_rates_are_not_incidence_rates
FM0698,1343,caveat:L1_factual_4W1H;passive_surveillance_reports_unverified;a_report_is_not_causation;reporting_rates_are_not_incidence_rates
FE3594,1336,caveat:L1_factual_4W1H;passive_surveillance_reports_unverified;a_report_is_not_causation;reporting_rates_are_not_incidence_rates
046C21A,1334,caveat:L1_factual_4W1H;passive_surveillance_reports_unverified;a_report_is_not_causation;reporting_rates_are_not_incidence_rates
006M20A,1314,caveat:L1_factual_4W1H;passive_surveillance_reports_unverified;a_report_is_not_causation;reporting_rates_are_not_incidence_rates
FL8094,1313,caveat:L1_factual_4W1H;passive_surveillance_reports_unverified;a_report_is_not_causation;reporting_rates_are_not_incidence_rates
GJ6665,1305,caveat:L1_factual_4W1H;passive_surveillance_reports_unverified;a_report_is_not_causation;reporting_rates_are_not_incidence_rates
043B21A,1301,caveat:L1_factual_4W1H;passive_surveillance_reports_unverified;a_report_is_not_causation;reporting_rates_are_not_incidence_rates
FL8095,1295,caveat:L1_factual_4W1H;passive_surveillance_reports_unverified;a_report_is_not_causation;reporting_rates_are_not_incidence_rates
032M20A,1280,caveat:L1_factual_4W1H;passive_surveillance_reports_unverified;a_report_is_not_causation;reporting_rates_are_not_incidence_rates
FK9729,1278,caveat:L1_factual_4W1H;passive_surveillance_reports_unverified;a_report_is_not_causation;reporting_rates_are_not_incidence_rates
