lot,reports
039K20A,5915
013L20A,5272
026L20A,4966
011J20A,4474
EK9231,4210
EK5730,4148
ER2613,4037
EH9899,3950
012L20A,3812
EN6201,3789
029L20A,3656
004M20A,3530
EN5318,3463
EN6205,3427
025L20A,3425
EN6207,3405
ER8732,3363
EN6200,3250
EN6202,3222
ER8733,3201
EN6208,3184
EL3247,3183
031L20A,3172
041L20A,3153
EN6198,3126
027L20A,3106
EW0150,3056
007M20A,3040
011L20A,3009
030L20A,2996
FK5127,2988
EP6955,2987
EJ1685,2884
EL1284,2881
043A21A,2873
028L20A,2865
013M20A,2859
EL1283,2858
ER8727,2854
037K20A,2831
EN6206,2809
EN6203,2749
EN6199,2747
EN6204,2734
ER8729,2725
042A21A,2698
012M20A,2655
EL3249,2646
EW0172,2566
EP7534,2555
EL9261,2554
ER8737,2525
EL3246,2504
042L20A,2502
EL3248,2466
EW0151,2460
ER8730,2428
010M20A,2425
EL9262,2415
ER8734,2414
EL8982,2380
EP7533,2359
FK5618,2266
EW0162,2259
EW0153,2235
EW0179,2229
EW0158,2227
EW0173,2204
ER8735,2190
EW0164,2183
014M20A,2172
025J20-2A,2167
024M20A,2161
032L20A,2124
016M20A,2110
030M20A,2098
EL0142,2095
EW0169,2084
010A21A,2064
ER8731,2064
1805018,2053
GH9693,2053
202A21A,2050
201A21A,2021
031M20A,2017
EW0171,2012
011A21A,2011
EJ1686,2009
044A21A,2007
EL0140,2000
022M20A,1976
ER8736,1971
015M20A,1968
030A21A,1952
EL9269,1933
026A21A,1919
EL9264,1915
023M20A,1910
1805022,1910
027A21A,1907
EW0167,1907
EW0161,1904
018B21A,1902
011M20A,1885
040A21A,1842
EL3302,1841
036A21A,1825
FF8841,1807
1805029,1802
GH9694,1802
EW0217,1796
025J20A,1790
031A21A,1782
EW0170,1769
EW0185,1745
203A21A,1729
EL9265,1726
205A21A,1720
EM9810,1717
GH9702,1707
013A21A,1691
FC3184,1685
007B21A,1684
206A21A,1683
EW0186,1678
EW0183,1672
046A21A,1665
EW0175,1654
EW0187,1636
EL9267,1625
035C21A,1625
FL0007,1623
EW0191,1620
012A21A,1607
002A21A,1596
FC3183,1591
EL9266,1567
006C21A,1567
EW0176,1564
006B21A,1563
038A21A,1559
1805031,1556
026B21A,1554
FE3590,1553
025A21A,1546
EK4176,1542
1808609,1530
017B21A,1528
031B21A,1516
FH8020,1512
FD0809,1507
001A21A,1502
GJ2524,1497
1808978,1493
EW0196,1484
EW0177,1484
EW0182,1474
EM9809,1473
076C21A,1471
003B21A,1468
016B21A,1467
FF2587,1465
FE3592,1457
VV04003A,1446
EW0180,1445
FF2590,1445
FA6780,1444
EW0168,1434
040B21A,1433
047A21A,1426
FF2589,1425
003A21A,1420
FK9894,1412
1805020,1411
041A21A,1411
FC3180,1408
001B21A,1407
FC3181,1405
EW0181,1387
EW0178,1374
FF2593,1371
019B21A,1368
029A21A,1367
1808980,1362
FF8839,1362
FJ6369,1358
207A21A,1357
025B21A,1355
FA7485,1346
045A21A,1344
FM0698,1343
FE3594,1336
046C21A,1334
006M20A,1314
FL8094,1313
GJ6665,1305
043B21A,1301
FL8095,1295
032M20A,1280
FK9729,1278
