state,reports,caveat
CA,176195,caveat:L1_factual_4W1H;passive_surveillance_reports_unverified;a_report_is_not_causation;reporting_rates_are_not_incidence_rates
TX,104387,caveat:L1_factual_4W1H;passive_surveillance_reports_unverified;a_report_is_not_causation;reporting_rates_are_not_incidence_rates
NY,96198,caveat:L1_factual_4W1H;passive_surveillance_reports_unverified;a_report_is_not_causation;reporting_rates_are_not_incidence_rates
FL,93392,caveat:L1_factual_4W1H;passive_surveillance_reports_unverified;a_report_is_not_causation;reporting_rates_are_not_incidence_rates
PA,76782,caveat:L1_factual_4W1H;passive_surveillance_reports_unverified;a_report_is_not_causation;reporting_rates_are_not_incidence_rates
MI,73299,caveat:L1_factual_4W1H;passive_surveillance_reports_unverified;a_report_is_not_causation;reporting_rates_are_not_incidence_rates
OH,61129,caveat:L1_factual_4W1H;passive_surveillance_reports_unverified;a_report_is_not_causation;reporting_rates_are_not_incidence_rates
IL,57302,caveat:L1_factual_4W1H;passive_surveillance_reports_unverified;a_report_is_not_causation;reporting_rates_are_not_incidence_rates
NJ,51060,caveat:L1_factual_4W1H;passive_surveillance_reports_unverified;a_report_is_not_causation;reporting_rates_are_not_incidence_rates
NC,49847,caveat:L1_factual_4W1H;passive_surveillance_reports_unverified;a_report_is_not_causation;reporting_rates_are_not_incidence_rates
VA,48045,caveat:L1_factual_4W1H;passive_surveillance_reports_unverified;a_report_is_not_causation;reporting_rates_are_not_incidence_rates
WA,47535,caveat:L1_factual_4W1H;passive_surveillance_reports_unverified;a_report_is_not_causation;reporting_rates_are_not_incidence_rates
MA,46193,caveat:L1_factual_4W1H;passive_surveillance_reports_unverified;a_report_is_not_causation;reporting_rates_are_not_incidence_rates
GA,46106,caveat:L1_factual_4W1H;passive_surveillance_reports_unverified;a_report_is_not_causation;reporting_rates_are_not_incidence_rates
IN,45596,caveat:L1_factual_4W1H;passive_surveillance_reports_unverified;a_report_is_not_causation;reporting_rates_are_not_incidence_rates
CO,41278,caveat:L1_factual_4W1H;passive_surveillance_reports_unverified;a_report_is_not_causation;reporting_rates_are_not_incidence_rates
MN,38076,caveat:L1_factual_4W1H;passive_surveillance_reports_unverified;a_report_is_not_causation;reporting_rates_are_not_incidence_rates
AZ,37423,caveat:L1_factual_4W1H;passive_surveillance_reports_unverified;a_report_is_not_causation;reporting_rates_are_not_incidence_rates
MD,36669,caveat:L1_factual_4W1H;passive_surveillance_reports_unverified;a_report_is_not_causation;reporting_rates_are_not_incidence_rates
WI,34104,caveat:L1_factual_4W1H;passive_surveillance_reports_unverified;a_report_is_not_causation;reporting_rates_are_not_incidence_rates
MO,31500,caveat:L1_factual_4W1H;passive_surveillance_reports_unverified;a_report_is_not_causation;reporting_rates_are_not_incidence_rates
TN,29501,caveat:L1_factual_4W1H;passive_surveillance_reports_unverified;a_report_is_not_causation;reporting_rates_are_not_incidence_rates
OR,26342,caveat:L1_factual_4W1H;passive_surveillance_reports_unverified;a_report_is_not_causation;reporting_rates_are_not_incidence_rates
KY,25785,caveat:L1_factual_4W1H;passive_surveillance_reports_unverified;a_report_is_not_causation;reporting_rates_are_not_incidence_rates
CT,22640,caveat:L1_factual_4W1H;passive_surveillance_reports_unverified;a_report_is_not_causation;reporting_rates_are_not_incidence_rates
SC,21170,caveat:L1_factual_4W1H;passive_surveillance_reports_unverified;a_report_is_not_causation;reporting_rates_are_not_incidence_rates
OK,16892,caveat:L1_factual_4W1H;passive_surveillance_reports_unverified;a_report_is_not_causation;reporting_rates_are_not_incidence_rates
AL,16889,caveat:L1_factual_4W1H;passive_surveillance_reports_unverified;a_report_is_not_causation;reporting_rates_are_not_incidence_rates
IA,16676,caveat:L1_factual_4W1H;passive_surveillance_reports_unverified;a_report_is_not_causation;reporting_rates_are_not_incidence_rates
KS,15911,caveat:L1_factual_4W1H;passive_surveillance_reports_unverified;a_report_is_not_causation;reporting_rates_are_not_incidence_rates
LA,15271,caveat:L1_factual_4W1H;passive_surveillance_reports_unverified;a_report_is_not_causation;reporting_rates_are_not_incidence_rates
UT,14143,caveat:L1_factual_4W1H;passive_surveillance_reports_unverified;a_report_is_not_causation;reporting_rates_are_not_incidence_rates
NV,13119,caveat:L1_factual_4W1H;passive_surveillance_reports_unverified;a_report_is_not_causation;reporting_rates_are_not_incidence_rates
NM,12921,caveat:L1_factual_4W1H;passive_surveillance_reports_unverified;a_report_is_not_causation;reporting_rates_are_not_incidence_rates
AR,12786,caveat:L1_factual_4W1H;passive_surveillance_reports_unverified;a_report_is_not_causation;reporting_rates_are_not_incidence_rates
ME,10963,caveat:L1_factual_4W1H;passive_surveillance_reports_unverified;a_report_is_not_causation;reporting_rates_are_not_incidence_rates
ID,10857,caveat:L1_factual_4W1H;passive_surveillance_reports_unverified;a_report_is_not_causation;reporting_rates_are_not_incidence_rates
NE,10523,caveat:L1_factual_4W1H;passive_surveillance_reports_unverified;a_report_is_not_causation;reporting_rates_are_not_incidence_rates
NH,10482,caveat:L1_factual_4W1H;passive_surveillance_reports_unverified;a_report_is_not_causation;reporting_rates_are_not_incidence_rates
MS,9031,caveat:L1_factual_4W1H;passive_surveillance_reports_unverified;a_report_is_not_causation;reporting_rates_are_not_incidence_rates
WV,8870,caveat:L1_factual_4W1H;passive_surveillance_reports_unverified;a_report_is_not_causation;reporting_rates_are_not_incidence_rates
PR,8340,caveat:L1_factual_4W1H;passive_surveillance_reports_unverified;a_report_is_not_causation;reporting_rates_are_not_incidence_rates
MT,7707,caveat:L1_factual_4W1H;passive_surveillance_reports_unverified;a_report_is_not_causation;reporting_rates_are_not_incidence_rates
HI,7522,caveat:L1_factual_4W1H;passive_surveillance_reports_unverified;a_report_is_not_causation;reporting_rates_are_not_incidence_rates
RI,6634,caveat:L1_factual_4W1H;passive_surveillance_reports_unverified;a_report_is_not_causation;reporting_rates_are_not_incidence_rates
AK,6453,caveat:L1_factual_4W1H;passive_surveillance_reports_unverified;a_report_is_not_causation;reporting_rates_are_not_incidence_rates
DE,5632,caveat:L1_factual_4W1H;passive_surveillance_reports_unverified;a_report_is_not_causation;reporting_rates_are_not_incidence_rates
DC,5344,caveat:L1_factual_4W1H;passive_surveillance_reports_unverified;a_report_is_not_causation;reporting_rates_are_not_incidence_rates
VT,5244,caveat:L1_factual_4W1H;passive_surveillance_reports_unverified;a_report_is_not_causation;reporting_rates_are_not_incidence_rates
SD,4974,caveat:L1_factual_4W1H;passive_surveillance_reports_unverified;a_report_is_not_causation;reporting_rates_are_not_incidence_rates
ND,4858,caveat:L1_factual_4W1H;passive_surveillance_reports_unverified;a_report_is_not_causation;reporting_rates_are_not_incidence_rates
WY,3149,caveat:L1_factual_4W1H;passive_surveillance_reports_unverified;a_report_is_not_causation;reporting_rates_are_not_incidence_rates
VI,423,caveat:L1_factual_4W1H;passive_surveillance_reports_unverified;a_report_is_not_causation;reporting_rates_are_not_incidence_rates
GU,414,caveat:L1_factual_4W1H;passive_surveillance_reports_unverified;a_report_is_not_causation;reporting_rates_are_not_incidence_rates
AS,115,caveat:L1_factual_4W1H;passive_surveillance_reports_unverified;a_report_is_not_causation;reporting_rates_are_not_incidence_rates
MP,85,caveat:L1_factual_4W1H;passive_surveillance_reports_unverified;a_report_is_not_causation;reporting_rates_are_not_incidence_rates
FM,67,caveat:L1_factual_4W1H;passive_surveillance_reports_unverified;a_report_is_not_causation;reporting_rates_are_not_incidence_rates
MH,31,caveat:L1_factual_4W1H;passive_surveillance_reports_unverified;a_report_is_not_causation;reporting_rates_are_not_incidence_rates
ca,16,caveat:L1_factual_4W1H;passive_surveillance_reports_unverified;a_report_is_not_causation;reporting_rates_are_not_incidence_rates
ny,15,caveat:L1_factual_4W1H;passive_surveillance_reports_unverified;a_report_is_not_causation;reporting_rates_are_not_incidence_rates
pa,14,caveat:L1_factual_4W1H;passive_surveillance_reports_unverified;a_report_is_not_causation;reporting_rates_are_not_incidence_rates
in,14,caveat:L1_factual_4W1H;passive_surveillance_reports_unverified;a_report_is_not_causation;reporting_rates_are_not_incidence_rates
Tx,13,caveat:L1_factual_4W1H;passive_surveillance_reports_unverified;a_report_is_not_causation;reporting_rates_are_not_incidence_rates
tx,13,caveat:L1_factual_4W1H;passive_surveillance_reports_unverified;a_report_is_not_causation;reporting_rates_are_not_incidence_rates
XB,13,caveat:L1_factual_4W1H;passive_surveillance_reports_unverified;a_report_is_not_causation;reporting_rates_are_not_incidence_rates
va,12,caveat:L1_factual_4W1H;passive_surveillance_reports_unverified;a_report_is_not_causation;reporting_rates_are_not_incidence_rates
fl,11,caveat:L1_factual_4W1H;passive_surveillance_reports_unverified;a_report_is_not_causation;reporting_rates_are_not_incidence_rates
mi,9,caveat:L1_factual_4W1H;passive_surveillance_reports_unverified;a_report_is_not_causation;reporting_rates_are_not_incidence_rates
oh,9,caveat:L1_factual_4W1H;passive_surveillance_reports_unverified;a_report_is_not_causation;reporting_rates_are_not_incidence_rates
Ca,6,caveat:L1_factual_4W1H;passive_surveillance_reports_unverified;a_report_is_not_causation;reporting_rates_are_not_incidence_rates
il,6,caveat:L1_factual_4W1H;passive_surveillance_reports_unverified;a_report_is_not_causation;reporting_rates_are_not_incidence_rates
wa,6,caveat:L1_factual_4W1H;passive_surveillance_reports_unverified;a_report_is_not_causation;reporting_rates_are_not_incidence_rates
PW,6,caveat:L1_factual_4W1H;passive_surveillance_reports_unverified;a_report_is_not_causation;reporting_rates_are_not_incidence_rates
Fl,5,caveat:L1_factual_4W1H;passive_surveillance_reports_unverified;a_report_is_not_causation;reporting_rates_are_not_incidence_rates
ma,5,caveat:L1_factual_4W1H;passive_surveillance_reports_unverified;a_report_is_not_causation;reporting_rates_are_not_incidence_rates
mn,5,caveat:L1_factual_4W1H;passive_surveillance_reports_unverified;a_report_is_not_causation;reporting_rates_are_not_incidence_rates
mo,5,caveat:L1_factual_4W1H;passive_surveillance_reports_unverified;a_report_is_not_causation;reporting_rates_are_not_incidence_rates
Mi,4,caveat:L1_factual_4W1H;passive_surveillance_reports_unverified;a_report_is_not_causation;reporting_rates_are_not_incidence_rates
az,4,caveat:L1_factual_4W1H;passive_surveillance_reports_unverified;a_report_is_not_causation;reporting_rates_are_not_incidence_rates
nc,4,caveat:L1_factual_4W1H;passive_surveillance_reports_unverified;a_report_is_not_causation;reporting_rates_are_not_incidence_rates
ct,4,caveat:L1_factual_4W1H;passive_surveillance_reports_unverified;a_report_is_not_causation;reporting_rates_are_not_incidence_rates
ks,4,caveat:L1_factual_4W1H;passive_surveillance_reports_unverified;a_report_is_not_causation;reporting_rates_are_not_incidence_rates
nj,4,caveat:L1_factual_4W1H;passive_surveillance_reports_unverified;a_report_is_not_causation;reporting_rates_are_not_incidence_rates
md,4,caveat:L1_factual_4W1H;passive_surveillance_reports_unverified;a_report_is_not_causation;reporting_rates_are_not_incidence_rates
co,4,caveat:L1_factual_4W1H;passive_surveillance_reports_unverified;a_report_is_not_causation;reporting_rates_are_not_incidence_rates
QM,4,caveat:L1_factual_4W1H;passive_surveillance_reports_unverified;a_report_is_not_causation;reporting_rates_are_not_incidence_rates
Il,3,caveat:L1_factual_4W1H;passive_surveillance_reports_unverified;a_report_is_not_causation;reporting_rates_are_not_incidence_rates
ky,3,caveat:L1_factual_4W1H;passive_surveillance_reports_unverified;a_report_is_not_causation;reporting_rates_are_not_incidence_rates
wv,3,caveat:L1_factual_4W1H;passive_surveillance_reports_unverified;a_report_is_not_causation;reporting_rates_are_not_incidence_rates
Co,3,caveat:L1_factual_4W1H;passive_surveillance_reports_unverified;a_report_is_not_causation;reporting_rates_are_not_incidence_rates
In,2,caveat:L1_factual_4W1H;passive_surveillance_reports_unverified;a_report_is_not_causation;reporting_rates_are_not_incidence_rates
al,2,caveat:L1_factual_4W1H;passive_surveillance_reports_unverified;a_report_is_not_causation;reporting_rates_are_not_incidence_rates
ga,2,caveat:L1_factual_4W1H;passive_surveillance_reports_unverified;a_report_is_not_causation;reporting_rates_are_not_incidence_rates
nh,2,caveat:L1_factual_4W1H;passive_surveillance_reports_unverified;a_report_is_not_causation;reporting_rates_are_not_incidence_rates
or,2,caveat:L1_factual_4W1H;passive_surveillance_reports_unverified;a_report_is_not_causation;reporting_rates_are_not_incidence_rates
me,2,caveat:L1_factual_4W1H;passive_surveillance_reports_unverified;a_report_is_not_causation;reporting_rates_are_not_incidence_rates
wi,2,caveat:L1_factual_4W1H;passive_surveillance_reports_unverified;a_report_is_not_causation;reporting_rates_are_not_incidence_rates
la,2,caveat:L1_factual_4W1H;passive_surveillance_reports_unverified;a_report_is_not_causation;reporting_rates_are_not_incidence_rates
Ar,2,caveat:L1_factual_4W1H;passive_surveillance_reports_unverified;a_report_is_not_causation;reporting_rates_are_not_incidence_rates
Or,2,caveat:L1_factual_4W1H;passive_surveillance_reports_unverified;a_report_is_not_causation;reporting_rates_are_not_incidence_rates
Ne,2,caveat:L1_factual_4W1H;passive_surveillance_reports_unverified;a_report_is_not_causation;reporting_rates_are_not_incidence_rates
XV,2,caveat:L1_factual_4W1H;passive_surveillance_reports_unverified;a_report_is_not_causation;reporting_rates_are_not_incidence_rates
QW,2,caveat:L1_factual_4W1H;passive_surveillance_reports_unverified;a_report_is_not_causation;reporting_rates_are_not_incidence_rates
La,1,caveat:L1_factual_4W1H;passive_surveillance_reports_unverified;a_report_is_not_causation;reporting_rates_are_not_incidence_rates
de,1,caveat:L1_factual_4W1H;passive_surveillance_reports_unverified;a_report_is_not_causation;reporting_rates_are_not_incidence_rates
Ma,1,caveat:L1_factual_4W1H;passive_surveillance_reports_unverified;a_report_is_not_causation;reporting_rates_are_not_incidence_rates
Va,1,caveat:L1_factual_4W1H;passive_surveillance_reports_unverified;a_report_is_not_causation;reporting_rates_are_not_incidence_rates
nm,1,caveat:L1_factual_4W1H;passive_surveillance_reports_unverified;a_report_is_not_causation;reporting_rates_are_not_incidence_rates
ne,1,caveat:L1_factual_4W1H;passive_surveillance_reports_unverified;a_report_is_not_causation;reporting_rates_are_not_incidence_rates
mt,1,caveat:L1_factual_4W1H;passive_surveillance_reports_unverified;a_report_is_not_causation;reporting_rates_are_not_incidence_rates
tn,1,caveat:L1_factual_4W1H;passive_surveillance_reports_unverified;a_report_is_not_causation;reporting_rates_are_not_incidence_rates
ia,1,caveat:L1_factual_4W1H;passive_surveillance_reports_unverified;a_report_is_not_causation;reporting_rates_are_not_incidence_rates
ak,1,caveat:L1_factual_4W1H;passive_surveillance_reports_unverified;a_report_is_not_causation;reporting_rates_are_not_incidence_rates
sc,1,caveat:L1_factual_4W1H;passive_surveillance_reports_unverified;a_report_is_not_causation;reporting_rates_are_not_incidence_rates
Wa,1,caveat:L1_factual_4W1H;passive_surveillance_reports_unverified;a_report_is_not_causation;reporting_rates_are_not_incidence_rates
XL,1,caveat:L1_factual_4W1H;passive_surveillance_reports_unverified;a_report_is_not_causation;reporting_rates_are_not_incidence_rates
